debugUEWQ10:debugGPN07T,instructionloops,1
A248QG4DPULP46:3F6HPJW4JHT99XPJNGGDQHRH4RO2WR,instructionloops,1
A1CMDCHS6TMIHU:3FFJ6VRIL5HKCS20JC8K62PUSI60IY,vid_quality,Yes
A1CMDCHS6TMIHU:3FFJ6VRIL5HKCS20JC8K62PUSI60IY,engagement,7
A1CMDCHS6TMIHU:3FFJ6VRIL5HKCS20JC8K62PUSI60IY,instructionloops,2
A1CMDCHS6TMIHU:3FFJ6VRIL5HKCS20JC8K62PUSI60IY,comments,no
A1CMDCHS6TMIHU:3FFJ6VRIL5HKCS20JC8K62PUSI60IY,difficulty,6
A1CMDCHS6TMIHU:3FFJ6VRIL5HKCS20JC8K62PUSI60IY,switch_tabs,Yes
A2WTKP7WMDN1:3LOZAJ85YH6OYXU9XLCZS05ODTU2XK,vid_quality,Yes
A2WTKP7WMDN1:3LOZAJ85YH6OYXU9XLCZS05ODTU2XK,engagement,5
A2WTKP7WMDN1:3LOZAJ85YH6OYXU9XLCZS05ODTU2XK,instructionloops,1
A2WTKP7WMDN1:3LOZAJ85YH6OYXU9XLCZS05ODTU2XK,comments,
A2WTKP7WMDN1:3LOZAJ85YH6OYXU9XLCZS05ODTU2XK,difficulty,5
A2WTKP7WMDN1:3LOZAJ85YH6OYXU9XLCZS05ODTU2XK,switch_tabs,No
A28JKMHWMDHY:3LOZAJ85YH6OYXU9XLCZS05ODTU2XK,instructionloops,1
A3K9GTQBOI7O5A:3UOUJI6MTH7XI93BG5M5YJ0GWKDXUX,vid_quality,Yes
A3K9GTQBOI7O5A:3UOUJI6MTH7XI93BG5M5YJ0GWKDXUX,engagement,6
A3K9GTQBOI7O5A:3UOUJI6MTH7XI93BG5M5YJ0GWKDXUX,instructionloops,2
A3K9GTQBOI7O5A:3UOUJI6MTH7XI93BG5M5YJ0GWKDXUX,comments,The task took a lot longer than advertised in the HIT. 
A3K9GTQBOI7O5A:3UOUJI6MTH7XI93BG5M5YJ0GWKDXUX,difficulty,0
A3K9GTQBOI7O5A:3UOUJI6MTH7XI93BG5M5YJ0GWKDXUX,switch_tabs,No
A1S17DZFXH9US4:3ZAZR5XV05BQ1AMQVWPQ1YULXLMCZJ,instructionloops,1
A3NIE8A16BOY9M:3FFJ6VRIL5HKCS20JC8K62PUSI60IY,instructionloops,1
A22ZYDQ7VRH6EL:3I2PTA7R3XNZ6GXN0DNBYOVPXRMKQM,vid_quality,Yes
A22ZYDQ7VRH6EL:3I2PTA7R3XNZ6GXN0DNBYOVPXRMKQM,engagement,10
A22ZYDQ7VRH6EL:3I2PTA7R3XNZ6GXN0DNBYOVPXRMKQM,instructionloops,1
A22ZYDQ7VRH6EL:3I2PTA7R3XNZ6GXN0DNBYOVPXRMKQM,comments,I believe the estimated time should be adjusted. I completed the task at the 70 minute mark which I believe is way more than the estimated time.
A22ZYDQ7VRH6EL:3I2PTA7R3XNZ6GXN0DNBYOVPXRMKQM,difficulty,2
A22ZYDQ7VRH6EL:3I2PTA7R3XNZ6GXN0DNBYOVPXRMKQM,switch_tabs,No
A3HO117NQN73GE:3FFJ6VRIL5HKCS20JC8K62PUSI60IY,vid_quality,Yes
A3HO117NQN73GE:3FFJ6VRIL5HKCS20JC8K62PUSI60IY,engagement,10
A3HO117NQN73GE:3FFJ6VRIL5HKCS20JC8K62PUSI60IY,instructionloops,4
A3HO117NQN73GE:3FFJ6VRIL5HKCS20JC8K62PUSI60IY,comments,na
A3HO117NQN73GE:3FFJ6VRIL5HKCS20JC8K62PUSI60IY,difficulty,5
A3HO117NQN73GE:3FFJ6VRIL5HKCS20JC8K62PUSI60IY,switch_tabs,No
A3O0ZQMDKOKAMR:3GLB5JMZF1O0FLXZ50WC0XWX7V3GDX,vid_quality,Yes
A3O0ZQMDKOKAMR:3GLB5JMZF1O0FLXZ50WC0XWX7V3GDX,engagement,3
A3O0ZQMDKOKAMR:3GLB5JMZF1O0FLXZ50WC0XWX7V3GDX,instructionloops,1
A3O0ZQMDKOKAMR:3GLB5JMZF1O0FLXZ50WC0XWX7V3GDX,comments,it was much longer than stated
A3O0ZQMDKOKAMR:3GLB5JMZF1O0FLXZ50WC0XWX7V3GDX,difficulty,5
A3O0ZQMDKOKAMR:3GLB5JMZF1O0FLXZ50WC0XWX7V3GDX,switch_tabs,No
A58208A71VGW:3G2UL9A02H7I1J7J2AK4OE9CS4D675,instructionloops,1
A58208A71VGW:3G2UL9A02H7I1J7J2AK4OE9CS4D675,comments,I enjoyed this task very much
A58208A71VGW:3G2UL9A02H7I1J7J2AK4OE9CS4D675,vid_quality,Yes
A58208A71VGW:3G2UL9A02H7I1J7J2AK4OE9CS4D675,engagement,7
A58208A71VGW:3G2UL9A02H7I1J7J2AK4OE9CS4D675,difficulty,4
A58208A71VGW:3G2UL9A02H7I1J7J2AK4OE9CS4D675,switch_tabs,No
ABAFJGOM57T97:3ATTHHXXWEHS9I8BMOXRFGC53ONIX6,instructionloops,1
AJ7STTIJWZU00:3TU5ZICBRHUFBFVMROQ88JMY3PV8QR,instructionloops,1
AJ7STTIJWZU00:3TU5ZICBRHUFBFVMROQ88JMY3PV8QR,comments,I enjoy this task.
AJ7STTIJWZU00:3TU5ZICBRHUFBFVMROQ88JMY3PV8QR,vid_quality,Yes
AJ7STTIJWZU00:3TU5ZICBRHUFBFVMROQ88JMY3PV8QR,engagement,7
AJ7STTIJWZU00:3TU5ZICBRHUFBFVMROQ88JMY3PV8QR,difficulty,2
AJ7STTIJWZU00:3TU5ZICBRHUFBFVMROQ88JMY3PV8QR,switch_tabs,No
AJ7STTIJWZU02:3TU5ZICBRHUFBFVMROQ88JMY3PV8QR,instructionloops,3
A3VJZB0T8IS921:3K9FOBBF2LCPNP2D5L7V9UDZIE7LN3,instructionloops,1
AUB2Y0SIDWZEV:3NVC2EB65US2JKG26HC6UOHPMCK3YX,instructionloops,1
AUB2Y0SIDWZEV:3NVC2EB65US2JKG26HC6UOHPMCK3YX,comments,
AUB2Y0SIDWZEV:3NVC2EB65US2JKG26HC6UOHPMCK3YX,vid_quality,Yes
AUB2Y0SIDWZEV:3NVC2EB65US2JKG26HC6UOHPMCK3YX,engagement,4
AUB2Y0SIDWZEV:3NVC2EB65US2JKG26HC6UOHPMCK3YX,difficulty,2
AUB2Y0SIDWZEV:3NVC2EB65US2JKG26HC6UOHPMCK3YX,switch_tabs,Yes
A9PW4DCG5CRXN:3MB8LZR5BJMOFJHA88FFH2WVOJ2LKY,instructionloops,3
A9PW4DCG5CRXN:3MB8LZR5BJMOFJHA88FFH2WVOJ2LKY,comments,Nice study
A9PW4DCG5CRXN:3MB8LZR5BJMOFJHA88FFH2WVOJ2LKY,vid_quality,Yes
A9PW4DCG5CRXN:3MB8LZR5BJMOFJHA88FFH2WVOJ2LKY,engagement,7
A9PW4DCG5CRXN:3MB8LZR5BJMOFJHA88FFH2WVOJ2LKY,difficulty,7
A9PW4DCG5CRXN:3MB8LZR5BJMOFJHA88FFH2WVOJ2LKY,switch_tabs,No
A2PIFMM4Q2I9ZS:3IO1LGZLKDQM1XC2CFCA2E573OJ68S,instructionloops,3
A1WH32GYQOHIRQ:3AWETUDC96LHED8QN6LCC1SGBOLIZ3,instructionloops,1
A3G2LWO9G15LHN:3AQF3RZ55CBVGCMPKTIGC6MTQS3F6P,instructionloops,2
A3G2LWO9G15LHN:3AQF3RZ55CBVGCMPKTIGC6MTQS3F6P,comments,GOOD
A3G2LWO9G15LHN:3AQF3RZ55CBVGCMPKTIGC6MTQS3F6P,vid_quality,Yes
A3G2LWO9G15LHN:3AQF3RZ55CBVGCMPKTIGC6MTQS3F6P,engagement,3
A3G2LWO9G15LHN:3AQF3RZ55CBVGCMPKTIGC6MTQS3F6P,difficulty,1
A3G2LWO9G15LHN:3AQF3RZ55CBVGCMPKTIGC6MTQS3F6P,switch_tabs,No
A1QD1HNJRW4F6G:3SB4CE2TJZOD30PDA05EYIOMQH3AXH,instructionloops,1
A1QD1HNJRW4F6G:3SB4CE2TJZOD30PDA05EYIOMQH3AXH,comments,Interesting task
A1QD1HNJRW4F6G:3SB4CE2TJZOD30PDA05EYIOMQH3AXH,vid_quality,Yes
A1QD1HNJRW4F6G:3SB4CE2TJZOD30PDA05EYIOMQH3AXH,engagement,10
A1QD1HNJRW4F6G:3SB4CE2TJZOD30PDA05EYIOMQH3AXH,difficulty,1
A1QD1HNJRW4F6G:3SB4CE2TJZOD30PDA05EYIOMQH3AXH,switch_tabs,No
A2TRC2VHB7EZHK:3WI0P0II65LR4B6DLBQOZ1A4A2UDR3,instructionloops,2
A2TRC2VHB7EZHK:3WI0P0II65LR4B6DLBQOZ1A4A2UDR3,comments,na
A2TRC2VHB7EZHK:3WI0P0II65LR4B6DLBQOZ1A4A2UDR3,vid_quality,Yes
A2TRC2VHB7EZHK:3WI0P0II65LR4B6DLBQOZ1A4A2UDR3,engagement,10
A2TRC2VHB7EZHK:3WI0P0II65LR4B6DLBQOZ1A4A2UDR3,difficulty,7
A2TRC2VHB7EZHK:3WI0P0II65LR4B6DLBQOZ1A4A2UDR3,switch_tabs,No
A6QDP0HAGE9W5:3GLB5JMZF1O0FLXZ50WC0XWX8TJGDA,instructionloops,1
A6QDP0HAGE9W5:3GLB5JMZF1O0FLXZ50WC0XWX8TJGDA,comments,na
A6QDP0HAGE9W5:3GLB5JMZF1O0FLXZ50WC0XWX8TJGDA,vid_quality,Yes
A6QDP0HAGE9W5:3GLB5JMZF1O0FLXZ50WC0XWX8TJGDA,engagement,10
A6QDP0HAGE9W5:3GLB5JMZF1O0FLXZ50WC0XWX8TJGDA,difficulty,7
A6QDP0HAGE9W5:3GLB5JMZF1O0FLXZ50WC0XWX8TJGDA,switch_tabs,No
A365SN61J4UNGR:39ZSFO5CACPWNPYMZ1747AS1MMIUJR,instructionloops,1
A365SN61J4UNGR:39ZSFO5CACPWNPYMZ1747AS1MMIUJR,comments,Instructions were clear and very easy to understand.
A365SN61J4UNGR:39ZSFO5CACPWNPYMZ1747AS1MMIUJR,vid_quality,Yes
A365SN61J4UNGR:39ZSFO5CACPWNPYMZ1747AS1MMIUJR,engagement,8
A365SN61J4UNGR:39ZSFO5CACPWNPYMZ1747AS1MMIUJR,difficulty,3
A365SN61J4UNGR:39ZSFO5CACPWNPYMZ1747AS1MMIUJR,switch_tabs,No
A2VLTSW6CXIUMR:3TXD01ZLD8A6K7F1WUK0183I4QY4UI,instructionloops,1
A2VLTSW6CXIUMR:3TXD01ZLD8A6K7F1WUK0183I4QY4UI,comments,I only switched tabs to check the time or to check email.  
A2VLTSW6CXIUMR:3TXD01ZLD8A6K7F1WUK0183I4QY4UI,vid_quality,Yes
A2VLTSW6CXIUMR:3TXD01ZLD8A6K7F1WUK0183I4QY4UI,engagement,10
A2VLTSW6CXIUMR:3TXD01ZLD8A6K7F1WUK0183I4QY4UI,difficulty,7
A2VLTSW6CXIUMR:3TXD01ZLD8A6K7F1WUK0183I4QY4UI,switch_tabs,Yes
A3S9947HIQJ157:3SLE99ER0R67R5UKHWTVQEO3G5PZBD,instructionloops,1
A20C6NABP72OGJ:3SLE99ER0R67R5UKHWTVQEO3G5PZBD,instructionloops,1
A20C6NABP72OGJ:3SLE99ER0R67R5UKHWTVQEO3G5PZBD,comments,good experiment
A20C6NABP72OGJ:3SLE99ER0R67R5UKHWTVQEO3G5PZBD,vid_quality,Yes
A20C6NABP72OGJ:3SLE99ER0R67R5UKHWTVQEO3G5PZBD,engagement,10
A20C6NABP72OGJ:3SLE99ER0R67R5UKHWTVQEO3G5PZBD,difficulty,8
A20C6NABP72OGJ:3SLE99ER0R67R5UKHWTVQEO3G5PZBD,switch_tabs,No
AKUKGG6UBRCBS:3TVRFO09GO8UZJGH7RU47W4XK0ELX0,instructionloops,2
AKUKGG6UBRCBS:3TVRFO09GO8UZJGH7RU47W4XK0ELX0,comments,I LIKE VERY MUCH
AKUKGG6UBRCBS:3TVRFO09GO8UZJGH7RU47W4XK0ELX0,vid_quality,Yes
AKUKGG6UBRCBS:3TVRFO09GO8UZJGH7RU47W4XK0ELX0,engagement,8
AKUKGG6UBRCBS:3TVRFO09GO8UZJGH7RU47W4XK0ELX0,difficulty,9
AKUKGG6UBRCBS:3TVRFO09GO8UZJGH7RU47W4XK0ELX0,switch_tabs,No
A2IJICIKFSN1OO:33LK57MYLXY68RBMSIFQG3Y3KUKSZI,instructionloops,3
A2IJICIKFSN1OO:33LK57MYLXY68RBMSIFQG3Y3KUKSZI,comments,no errors in the study.
A2IJICIKFSN1OO:33LK57MYLXY68RBMSIFQG3Y3KUKSZI,vid_quality,Yes
A2IJICIKFSN1OO:33LK57MYLXY68RBMSIFQG3Y3KUKSZI,engagement,9
A2IJICIKFSN1OO:33LK57MYLXY68RBMSIFQG3Y3KUKSZI,difficulty,0
A2IJICIKFSN1OO:33LK57MYLXY68RBMSIFQG3Y3KUKSZI,switch_tabs,No
A10IUXCZBNYUXC:3570Y55XZTC3DWSQ1WJQDI6YQPMGYV,instructionloops,1
A10IUXCZBNYUXC:3570Y55XZTC3DWSQ1WJQDI6YQPMGYV,comments,"No, everything went fine."
A10IUXCZBNYUXC:3570Y55XZTC3DWSQ1WJQDI6YQPMGYV,vid_quality,Yes
A10IUXCZBNYUXC:3570Y55XZTC3DWSQ1WJQDI6YQPMGYV,engagement,6
A10IUXCZBNYUXC:3570Y55XZTC3DWSQ1WJQDI6YQPMGYV,difficulty,4
A10IUXCZBNYUXC:3570Y55XZTC3DWSQ1WJQDI6YQPMGYV,switch_tabs,No
A3B7TNVOISSZ2O:3IX2EGZR7FC47X65V7CZ2Z5HFUOJR0,instructionloops,1
AKQAI78JTXXC9:3TYCR1GOTGCJ4EGW89IP4HK8S0CLZX,instructionloops,1
AKQAI78JTXXC9:3TYCR1GOTGCJ4EGW89IP4HK8S0CLZX,comments,keep a progress bar of how many are left visible
AKQAI78JTXXC9:3TYCR1GOTGCJ4EGW89IP4HK8S0CLZX,vid_quality,Yes
AKQAI78JTXXC9:3TYCR1GOTGCJ4EGW89IP4HK8S0CLZX,engagement,4
AKQAI78JTXXC9:3TYCR1GOTGCJ4EGW89IP4HK8S0CLZX,difficulty,2
AKQAI78JTXXC9:3TYCR1GOTGCJ4EGW89IP4HK8S0CLZX,switch_tabs,No
A1CKN8UAQDMPKP:3I3WADAZ9UXT3LZ4EDR17UH7M69O5A,instructionloops,4
A11JQI8VXU2NLP:3I3WADAZ9UXT3LZ4EDR17UH7M69O5A,instructionloops,1
A11JQI8VXU2NLP:3I3WADAZ9UXT3LZ4EDR17UH7M69O5A,comments,good
A11JQI8VXU2NLP:3I3WADAZ9UXT3LZ4EDR17UH7M69O5A,vid_quality,Yes
A11JQI8VXU2NLP:3I3WADAZ9UXT3LZ4EDR17UH7M69O5A,engagement,6
A11JQI8VXU2NLP:3I3WADAZ9UXT3LZ4EDR17UH7M69O5A,difficulty,0
A11JQI8VXU2NLP:3I3WADAZ9UXT3LZ4EDR17UH7M69O5A,switch_tabs,No
A3PYD7EU2WFST6:3483FV8BEICBFIADWY39SNS4H1H261,instructionloops,1
A22BBAU24IEHPL:3AMYWKA6YFFPMPZIJW16Z0V7I1KO6Q,instructionloops,1
debugIT65OO:debugRVM45I,instructionloops,1
debugLSLN1D:debugUEEIYH,instructionloops,1
debugUQNN5V:debugMD3RQ0,instructionloops,1
debugUVURY1:debug1QY1NA,instructionloops,1
debug3FYL53:debugJ1FVN7,instructionloops,1
debugHQLYN8:debugO73DZG,instructionloops,1
debugCJ14BA:debug5P4XFM,instructionloops,1
debugBMXERR:debug6GJYH7,instructionloops,1
debugWIKYSE:debugLRTX62,instructionloops,1
debugZ634N1:debugRYNKLL,instructionloops,1
debugRKOG91:debugSFDC3T,instructionloops,1
debugKY2SDC:debugHXC0MS,instructionloops,1
debug35KADD:debug22BQVP,instructionloops,1
debug35KADD:debug22BQVP,comments,"Definitely easier to tell when there was a pause if the balls were moving faster rather than when it was slower. I know I did terribly at the very beginning -- probably try to discard some of my early trials because when I saw the pause I panicked and completely failed to hit the spacebar. Sometimes I was really confident about the fact that I saw a pause, but I wasn't confident at all in terms of my spacebar timing. Like my reaction times must have been pretty bad. Beautiful stimuli though,  Tristan! In my opinion, the size of the videos was a little bit small. Maybe would be better to be a little larger than credit card width. "
debug35KADD:debug22BQVP,vid_quality,Yes
debug35KADD:debug22BQVP,engagement,8
debug35KADD:debug22BQVP,difficulty,8
debug35KADD:debug22BQVP,switch_tabs,No
debug3I8WTT:debugKQ3I7F,instructionloops,1
debug3I8WTT:debugKQ3I7F,comments,
debug3I8WTT:debugKQ3I7F,vid_quality,Yes
debug3I8WTT:debugKQ3I7F,engagement,5
debug3I8WTT:debugKQ3I7F,difficulty,5
debug3I8WTT:debugKQ3I7F,switch_tabs,No
debugMA9LDT:debug0K5NHY,instructionloops,1
debugMA9LDT:debug0K5NHY,comments,"Someone shared their screen in a zoom I had open so I could immediately join upon completion and it automatically switched to that screen I'm sorry!
"
debugMA9LDT:debug0K5NHY,vid_quality,Yes
debugMA9LDT:debug0K5NHY,engagement,5
debugMA9LDT:debug0K5NHY,difficulty,7
debugMA9LDT:debug0K5NHY,switch_tabs,Yes
debugLKDD8F:debug2KFXTZ,instructionloops,1
debug3Ztjg:debugDKlAY,instructionloops,1
debugyiw2u:debugEm5Mw,instructionloops,1
debugyiw2u:debugEm5Mw,comments,
debugyiw2u:debugEm5Mw,vid_quality,Yes
debugyiw2u:debugEm5Mw,engagement,7
debugyiw2u:debugEm5Mw,difficulty,6
debugyiw2u:debugEm5Mw,switch_tabs,No
debugXKFYM:debugqbxtx,instructionloops,1
debugXKFYM:debugqbxtx,comments,n/a
debugXKFYM:debugqbxtx,vid_quality,Yes
debugXKFYM:debugqbxtx,engagement,7
debugXKFYM:debugqbxtx,difficulty,9
debugXKFYM:debugqbxtx,switch_tabs,No
debugukJWy:debug8OWJX,instructionloops,1
debugukJWy:debug8OWJX,comments,"I found the study really interesting! I'm not really what was being measured, though perhaps it could be data to train an AI at recognizing subtle movements. There was some information that could have been provided that would have made it slightly easier, though I think it was withheld on purpose (i.e. whether there could be multiple pauses per video, whether the pauses between videos could differ in speed, etc). Overall though, the study was super interesting! By the way, the screen at the beginning which asked me to input my Prolific ID flashed by too quickly so I wasn't able to put it in. Here it is now just in case it wasn't recorded: 5fcfcdb04fcda8132fd90203"
debugukJWy:debug8OWJX,vid_quality,Yes
debugukJWy:debug8OWJX,engagement,7
debugukJWy:debug8OWJX,difficulty,9
debugukJWy:debug8OWJX,switch_tabs,No
debugEvW5V:debug5AUZQ,instructionloops,1
debugEvW5V:debug5AUZQ,comments,"It would be great, for the example/instruction videos, if we were able to replay them or have a little extra time to read the text that goes with them before the video starts playing."
debugEvW5V:debug5AUZQ,vid_quality,Yes
debugEvW5V:debug5AUZQ,engagement,7
debugEvW5V:debug5AUZQ,difficulty,9
debugEvW5V:debug5AUZQ,switch_tabs,No
debug9Tdk3:debugLDyQt,instructionloops,1
debug9Tdk3:debugLDyQt,comments,"96 clips might be a tad excessive for one session however I completely understand why due to the nature of the study. Maybe next time the study could have two parts to it to ensure the user is not bored of doing the same thing for 20-25 minutes. On the whole it was pretty fun and interesting so no major complaints from me, thanks for hosting the study."
debug9Tdk3:debugLDyQt,vid_quality,Yes
debug9Tdk3:debugLDyQt,engagement,10
debug9Tdk3:debugLDyQt,difficulty,4
debug9Tdk3:debugLDyQt,switch_tabs,No
debugv3fKW:debug91FwC,instructionloops,1
debugv3fKW:debug91FwC,comments,No.
debugv3fKW:debug91FwC,vid_quality,Yes
debugv3fKW:debug91FwC,engagement,6
debugv3fKW:debug91FwC,difficulty,4
debugv3fKW:debug91FwC,switch_tabs,No
debug6flDy:debug0Ml7q,instructionloops,1
debug6flDy:debug0Ml7q,comments,
debug6flDy:debug0Ml7q,vid_quality,Yes
debug6flDy:debug0Ml7q,engagement,9
debug6flDy:debug0Ml7q,difficulty,2
debug6flDy:debug0Ml7q,switch_tabs,No
debughTlUx:debugimTrK,instructionloops,1
debughTlUx:debugimTrK,comments,
debughTlUx:debugimTrK,vid_quality,Yes
debughTlUx:debugimTrK,engagement,8
debughTlUx:debugimTrK,difficulty,3
debughTlUx:debugimTrK,switch_tabs,No
debugwNvac:debugn0ajQ,instructionloops,1
debugwNvac:debugn0ajQ,comments,
debugwNvac:debugn0ajQ,vid_quality,Yes
debugwNvac:debugn0ajQ,engagement,8
debugwNvac:debugn0ajQ,difficulty,5
debugwNvac:debugn0ajQ,switch_tabs,No
debuguEwja:debugdxDAJ,instructionloops,1
debuguEwja:debugdxDAJ,comments,
debuguEwja:debugdxDAJ,vid_quality,Yes
debuguEwja:debugdxDAJ,engagement,5
debuguEwja:debugdxDAJ,difficulty,1
debuguEwja:debugdxDAJ,switch_tabs,No
debugi2sMN:debugATNNC,instructionloops,1
debugi2sMN:debugATNNC,comments,
debugi2sMN:debugATNNC,vid_quality,Yes
debugi2sMN:debugATNNC,engagement,4
debugi2sMN:debugATNNC,difficulty,2
debugi2sMN:debugATNNC,switch_tabs,No
debuggQgHw:debugO4WzE,instructionloops,1
debuggQgHw:debugO4WzE,comments,The screen asking me to enter my prolific ID didn't allow me to before moving on; it is 5d3cfeabbaf11000151ed4cd
debuggQgHw:debugO4WzE,vid_quality,Yes
debuggQgHw:debugO4WzE,engagement,7
debuggQgHw:debugO4WzE,difficulty,3
debuggQgHw:debugO4WzE,switch_tabs,No
debugmljh9:debug8DRFi,instructionloops,1
debugmljh9:debug8DRFi,comments,
debugmljh9:debug8DRFi,vid_quality,Yes
debugmljh9:debug8DRFi,engagement,6
debugmljh9:debug8DRFi,difficulty,7
debugmljh9:debug8DRFi,switch_tabs,No
debugyKZJi:debugXwlbx,instructionloops,1
debugyKZJi:debugXwlbx,comments,
debugyKZJi:debugXwlbx,vid_quality,Yes
debugyKZJi:debugXwlbx,engagement,10
debugyKZJi:debugXwlbx,difficulty,4
debugyKZJi:debugXwlbx,switch_tabs,No
debuggLaTV:debughf19o,instructionloops,1
debuggLaTV:debughf19o,comments,
debuggLaTV:debughf19o,vid_quality,Yes
debuggLaTV:debughf19o,engagement,7
debuggLaTV:debughf19o,difficulty,7
debuggLaTV:debughf19o,switch_tabs,No
debuguZoNf:debug5zsq3,instructionloops,1
debuguZoNf:debug5zsq3,comments,"The pauses felt very subtle - I also liked the ones where the ball comes back out of the tube after barely resting on the tube lift - it seems like that could be interpreted as a ""pause"", so I indicated my non-confidence on those situations."
debuguZoNf:debug5zsq3,vid_quality,Yes
debuguZoNf:debug5zsq3,engagement,4
debuguZoNf:debug5zsq3,difficulty,8
debuguZoNf:debug5zsq3,switch_tabs,No
debug0YO1D:debugPJDFY,instructionloops,1
debug0YO1D:debugPJDFY,comments,
debug0YO1D:debugPJDFY,vid_quality,Yes
debug0YO1D:debugPJDFY,engagement,6
debug0YO1D:debugPJDFY,difficulty,3
debug0YO1D:debugPJDFY,switch_tabs,No
debugIljCx:debug05jtU,instructionloops,1
debugIljCx:debug05jtU,comments,The study was one of the best long studys I have taken part in. Kept me engaged.
debugIljCx:debug05jtU,vid_quality,Yes
debugIljCx:debug05jtU,engagement,8
debugIljCx:debug05jtU,difficulty,7
debugIljCx:debug05jtU,switch_tabs,No
debughu9xH:debug3wOt3,instructionloops,1
debughu9xH:debug3wOt3,comments,
debughu9xH:debug3wOt3,vid_quality,Yes
debughu9xH:debug3wOt3,engagement,6
debughu9xH:debug3wOt3,difficulty,7
debughu9xH:debug3wOt3,switch_tabs,No
debugkonth:debug5hbZf,instructionloops,1
debugkonth:debug5hbZf,comments,"At the beginning when I had to input my Prolific ID, I switched to the Prolific website to copy my ID but when I went back to the survey, it moved on to the next page. My Prolific ID is: 5f2dad07a2eef40aaef6edb6"
debugkonth:debug5hbZf,vid_quality,Yes
debugkonth:debug5hbZf,engagement,7
debugkonth:debug5hbZf,difficulty,7
debugkonth:debug5hbZf,switch_tabs,No
debugENoyr:debug2ZiOz,instructionloops,1
debugENoyr:debug2ZiOz,comments,
debugENoyr:debug2ZiOz,vid_quality,Yes
debugENoyr:debug2ZiOz,engagement,2
debugENoyr:debug2ZiOz,difficulty,5
debugENoyr:debug2ZiOz,switch_tabs,No
debugwGA9A:debugYBe3K,instructionloops,1
debugwGA9A:debugYBe3K,comments,I really enjoyed this - kept my concentration at full level! 
debugwGA9A:debugYBe3K,vid_quality,Yes
debugwGA9A:debugYBe3K,engagement,8
debugwGA9A:debugYBe3K,difficulty,2
debugwGA9A:debugYBe3K,switch_tabs,No
debugWzsym:debugsyzVb,instructionloops,1
debugWzsym:debugsyzVb,comments,
debugWzsym:debugsyzVb,vid_quality,Yes
debugWzsym:debugsyzVb,engagement,0
debugWzsym:debugsyzVb,difficulty,8
debugWzsym:debugsyzVb,switch_tabs,No
debug5C4qV:debugnCNis,instructionloops,1
debug5C4qV:debugnCNis,comments,
debug5C4qV:debugnCNis,vid_quality,Yes
debug5C4qV:debugnCNis,engagement,2
debug5C4qV:debugnCNis,difficulty,10
debug5C4qV:debugnCNis,switch_tabs,No
debug4K88X:debugxZjee,instructionloops,1
debug4K88X:debugxZjee,comments,
debug4K88X:debugxZjee,vid_quality,Yes
debug4K88X:debugxZjee,engagement,10
debug4K88X:debugxZjee,difficulty,5
debug4K88X:debugxZjee,switch_tabs,Yes
debugWpvCI:debugiOGOV,instructionloops,1
debugWpvCI:debugiOGOV,comments,
debugWpvCI:debugiOGOV,vid_quality,Yes
debugWpvCI:debugiOGOV,engagement,0
debugWpvCI:debugiOGOV,difficulty,3
debugWpvCI:debugiOGOV,switch_tabs,Yes
debugDyaAY:debugkRWSl,instructionloops,1
debugDyaAY:debugkRWSl,comments,It was very long so quite hard to stay concentrated.
debugDyaAY:debugkRWSl,vid_quality,Yes
debugDyaAY:debugkRWSl,engagement,3
debugDyaAY:debugkRWSl,difficulty,6
debugDyaAY:debugkRWSl,switch_tabs,No
debugY6cSU:debugla1m2,instructionloops,1
debugY6cSU:debugla1m2,comments,
debugY6cSU:debugla1m2,vid_quality,Yes
debugY6cSU:debugla1m2,engagement,4
debugY6cSU:debugla1m2,difficulty,6
debugY6cSU:debugla1m2,switch_tabs,No
debug6k93j:debugPHgLV,instructionloops,1
debug6k93j:debugPHgLV,comments,
debug6k93j:debugPHgLV,vid_quality,Yes
debug6k93j:debugPHgLV,engagement,10
debug6k93j:debugPHgLV,difficulty,6
debug6k93j:debugPHgLV,switch_tabs,No
debugn4yVl:debugM7qZ7,instructionloops,2
debugn4yVl:debugM7qZ7,comments,"This was a very interesting experiment, and I actually enjoyed it to be honest. It tested my observational skills, reaction time and sometimes made me think twice on whether my internet was slow/lagging, after which I would remember that the pauses were part of the experiment.
Thanks for letting me participate!"
debugn4yVl:debugM7qZ7,vid_quality,Yes
debugn4yVl:debugM7qZ7,engagement,9
debugn4yVl:debugM7qZ7,difficulty,4
debugn4yVl:debugM7qZ7,switch_tabs,No
debugWawVz:debugcb488,instructionloops,1
debugWawVz:debugcb488,comments,
debugWawVz:debugcb488,vid_quality,Yes
debugWawVz:debugcb488,engagement,8
debugWawVz:debugcb488,difficulty,7
debugWawVz:debugcb488,switch_tabs,No
debug3naRV:debugCiEGz,instructionloops,1
debug3naRV:debugCiEGz,comments,
debug3naRV:debugCiEGz,vid_quality,Yes
debug3naRV:debugCiEGz,engagement,2
debug3naRV:debugCiEGz,difficulty,9
debug3naRV:debugCiEGz,switch_tabs,No
debugrTvwN:debugyrwXX,instructionloops,1
debugrTvwN:debugyrwXX,comments,No further comments. All the best with this project. Stay safe.
debugrTvwN:debugyrwXX,vid_quality,Yes
debugrTvwN:debugyrwXX,engagement,9
debugrTvwN:debugyrwXX,difficulty,7
debugrTvwN:debugyrwXX,switch_tabs,No
debugstS9k:debugQE64s,instructionloops,1
debugstS9k:debugQE64s,comments,The survey is very simple and fun.
debugstS9k:debugQE64s,vid_quality,Yes
debugstS9k:debugQE64s,engagement,10
debugstS9k:debugQE64s,difficulty,3
debugstS9k:debugQE64s,switch_tabs,No
debugXYjCz:debugkMY4O,instructionloops,1
debugXYjCz:debugkMY4O,comments,
debugXYjCz:debugkMY4O,vid_quality,Yes
debugXYjCz:debugkMY4O,engagement,8
debugXYjCz:debugkMY4O,difficulty,6
debugXYjCz:debugkMY4O,switch_tabs,No
debug4eJ8Q:debug9x0Jd,instructionloops,1
debug4eJ8Q:debug9x0Jd,comments,None
debug4eJ8Q:debug9x0Jd,vid_quality,Yes
debug4eJ8Q:debug9x0Jd,engagement,9
debug4eJ8Q:debug9x0Jd,difficulty,0
debug4eJ8Q:debug9x0Jd,switch_tabs,No
debugFeg2B:debugIX1OI,instructionloops,1
debugFeg2B:debugIX1OI,comments,
debugFeg2B:debugIX1OI,vid_quality,Yes
debugFeg2B:debugIX1OI,engagement,8
debugFeg2B:debugIX1OI,difficulty,6
debugFeg2B:debugIX1OI,switch_tabs,No
debugF2E0i:debugO7pFa,instructionloops,1
debugF2E0i:debugO7pFa,comments,
debugF2E0i:debugO7pFa,vid_quality,Yes
debugF2E0i:debugO7pFa,engagement,6
debugF2E0i:debugO7pFa,difficulty,9
debugF2E0i:debugO7pFa,switch_tabs,No
debugahREW:debugMHBgm,instructionloops,1
debugahREW:debugMHBgm,comments,"In response to the question above, I did switch tabs at the start of the experiment when I was instructed to enter my prolific ID. Unfortunately when I went back to the study to enter in my ID, it had already changed screens and I was unable to paste my ID. That was the only time I switched tabs. My prolific ID is - 5f02825de3eda5141350189f

Thank you for this opportunity!"
debugahREW:debugMHBgm,vid_quality,Yes
debugahREW:debugMHBgm,engagement,7
debugahREW:debugMHBgm,difficulty,0
debugahREW:debugMHBgm,switch_tabs,No
debugAbkFd:debugv09aC,instructionloops,1
debugAbkFd:debugv09aC,comments,
debugAbkFd:debugv09aC,vid_quality,Yes
debugAbkFd:debugv09aC,engagement,4
debugAbkFd:debugv09aC,difficulty,7
debugAbkFd:debugv09aC,switch_tabs,No
debugm6Arp:debugLlpgF,instructionloops,1
debugm6Arp:debugLlpgF,comments,
debugm6Arp:debugLlpgF,vid_quality,Yes
debugm6Arp:debugLlpgF,engagement,9
debugm6Arp:debugLlpgF,difficulty,8
debugm6Arp:debugLlpgF,switch_tabs,No
debugEkUwb:debugqxEgr,instructionloops,1
debugEkUwb:debugqxEgr,comments,none
debugEkUwb:debugqxEgr,vid_quality,Yes
debugEkUwb:debugqxEgr,engagement,0
debugEkUwb:debugqxEgr,difficulty,8
debugEkUwb:debugqxEgr,switch_tabs,No
debugKzFX9:debugiIbdB,instructionloops,1
debugKzFX9:debugiIbdB,comments,
debugKzFX9:debugiIbdB,vid_quality,Yes
debugKzFX9:debugiIbdB,engagement,6
debugKzFX9:debugiIbdB,difficulty,6
debugKzFX9:debugiIbdB,switch_tabs,No
debugeMVKP:debugGRyQG,instructionloops,1
debugeMVKP:debugGRyQG,comments,
debugeMVKP:debugGRyQG,vid_quality,Yes
debugeMVKP:debugGRyQG,engagement,8
debugeMVKP:debugGRyQG,difficulty,9
debugeMVKP:debugGRyQG,switch_tabs,No
debugq1P09:debugOIB8X,instructionloops,1
debugq1P09:debugOIB8X,comments,"I enjoyed the task, thank you!"
debugq1P09:debugOIB8X,vid_quality,Yes
debugq1P09:debugOIB8X,engagement,9
debugq1P09:debugOIB8X,difficulty,6
debugq1P09:debugOIB8X,switch_tabs,No
debughQqKJ:debugCLNMQ,instructionloops,1
debughQqKJ:debugCLNMQ,comments,Very interesting!
debughQqKJ:debugCLNMQ,vid_quality,Yes
debughQqKJ:debugCLNMQ,engagement,8
debughQqKJ:debugCLNMQ,difficulty,6
debughQqKJ:debugCLNMQ,switch_tabs,No
debugs7q0Z:debugRNaEZ,instructionloops,1
debugs7q0Z:debugRNaEZ,comments,
debugs7q0Z:debugRNaEZ,vid_quality,Yes
debugs7q0Z:debugRNaEZ,engagement,8
debugs7q0Z:debugRNaEZ,difficulty,6
debugs7q0Z:debugRNaEZ,switch_tabs,No
debugyAZ9i:debugaHoBw,instructionloops,1
debugyAZ9i:debugaHoBw,comments,
debugyAZ9i:debugaHoBw,vid_quality,Yes
debugyAZ9i:debugaHoBw,engagement,2
debugyAZ9i:debugaHoBw,difficulty,8
debugyAZ9i:debugaHoBw,switch_tabs,Yes
debugy1pUw:debugkPEJ4,instructionloops,1
debugy1pUw:debugkPEJ4,comments,
debugy1pUw:debugkPEJ4,vid_quality,Yes
debugy1pUw:debugkPEJ4,engagement,8
debugy1pUw:debugkPEJ4,difficulty,2
debugy1pUw:debugkPEJ4,switch_tabs,No
debugNz9d4:debughtMXh,instructionloops,1
debugNz9d4:debughtMXh,comments,
debugNz9d4:debughtMXh,vid_quality,Yes
debugNz9d4:debughtMXh,engagement,8
debugNz9d4:debughtMXh,difficulty,7
debugNz9d4:debughtMXh,switch_tabs,Yes
debugAIiOx:debugEgnrn,instructionloops,1
debugAIiOx:debugEgnrn,comments,
debugAIiOx:debugEgnrn,vid_quality,Yes
debugAIiOx:debugEgnrn,engagement,9
debugAIiOx:debugEgnrn,difficulty,8
debugAIiOx:debugEgnrn,switch_tabs,No
debugcwuqR:debugkmjoH,instructionloops,1
debugcwuqR:debugkmjoH,comments,Interesting study! I enjoyed completing it.
debugcwuqR:debugkmjoH,vid_quality,Yes
debugcwuqR:debugkmjoH,engagement,10
debugcwuqR:debugkmjoH,difficulty,2
debugcwuqR:debugkmjoH,switch_tabs,No
debugksLaB:debug5qjtB,instructionloops,1
debugksLaB:debug5qjtB,comments,
debugksLaB:debug5qjtB,vid_quality,Yes
debugksLaB:debug5qjtB,engagement,10
debugksLaB:debug5qjtB,difficulty,0
debugksLaB:debug5qjtB,switch_tabs,Yes
debugbKUch:debugXsqqO,instructionloops,1
debugbKUch:debugXsqqO,comments,"I took breaks during the task BUT watched the entire video, up to the point where I saw the pause (if there was one)."
debugbKUch:debugXsqqO,vid_quality,Yes
debugbKUch:debugXsqqO,engagement,2
debugbKUch:debugXsqqO,difficulty,7
debugbKUch:debugXsqqO,switch_tabs,Yes
debugmAAAD:debug0Xqbi,instructionloops,1
debugmAAAD:debug0Xqbi,comments,
debugmAAAD:debug0Xqbi,vid_quality,Yes
debugmAAAD:debug0Xqbi,engagement,8
debugmAAAD:debug0Xqbi,difficulty,6
debugmAAAD:debug0Xqbi,switch_tabs,No
debugKBFU79:debugX8ON25,instructionloops,1
debugAKQ7L5:debugITMZY6,instructionloops,1
debugWUHGA1:debugQ02GFN,instructionloops,1
debugSE9S3V:debug6U6PUF,instructionloops,1
debugIOZ7X2:debug5F0239,instructionloops,1
debugTTGHPA:debugIWAJF6,instructionloops,1
debugTTGHPA:debugIWAJF6,comments,
debugTTGHPA:debugIWAJF6,vid_quality,Yes
debugTTGHPA:debugIWAJF6,engagement,5
debugTTGHPA:debugIWAJF6,difficulty,5
debugTTGHPA:debugIWAJF6,switch_tabs,No
debug2VZ3NT:debugU3LGH6,instructionloops,1
debugKOrYh:debug9Dhm5,instructionloops,1
debugKOrYh:debug9Dhm5,comments,
debugKOrYh:debug9Dhm5,vid_quality,Yes
debugKOrYh:debug9Dhm5,engagement,6
debugKOrYh:debug9Dhm5,difficulty,6
debugKOrYh:debug9Dhm5,switch_tabs,No
debug0mwmM:debug3GBn1,instructionloops,1
debug0mwmM:debug3GBn1,comments,
debug0mwmM:debug3GBn1,vid_quality,Yes
debug0mwmM:debug3GBn1,engagement,1
debug0mwmM:debug3GBn1,difficulty,1
debug0mwmM:debug3GBn1,switch_tabs,No
debugTHBPt:debug6BsER,instructionloops,1
debughXUoc:debugoy6sE,instructionloops,2
debughXUoc:debugoy6sE,comments,"I did watch all of the videos, but I took a break in the middle to go and make tea."
debughXUoc:debugoy6sE,vid_quality,Yes
debughXUoc:debugoy6sE,engagement,3
debughXUoc:debugoy6sE,difficulty,4
debughXUoc:debugoy6sE,switch_tabs,No
debugkNzMy:debugCl2Vl,instructionloops,1
debugkNzMy:debugCl2Vl,comments,"It was very interesting to partake in this study. Often I had to decide what was the best point in a transition. An example of this is would be deciding to include when a ball went off screen. Thank you, stay safe and healthy, and lastly good luck on the study!!"
debugkNzMy:debugCl2Vl,vid_quality,Yes
debugkNzMy:debugCl2Vl,engagement,7
debugkNzMy:debugCl2Vl,difficulty,1
debugkNzMy:debugCl2Vl,switch_tabs,No
debugksOcd:debugh6usg,instructionloops,1
debugBgmtV:debugyGVsK,instructionloops,1
debugBgmtV:debugyGVsK,comments,"Got a bit lethargic by the end of it as some were repeated, also was unusual to understand and not clear where you had already pressed for a change of event. Also, when the ball is falling or moving fast the frames always show the ball in different places when you flick it, so was unclear for a change of event then."
debugBgmtV:debugyGVsK,vid_quality,Yes
debugBgmtV:debugyGVsK,engagement,3
debugBgmtV:debugyGVsK,difficulty,3
debugBgmtV:debugyGVsK,switch_tabs,No
debugZGE3Z:debugSIH46,instructionloops,1
debugvOtw0:debugo76XH,instructionloops,1
debugvOtw0:debugo76XH,comments,
debugvOtw0:debugo76XH,vid_quality,Yes
debugvOtw0:debugo76XH,engagement,6
debugvOtw0:debugo76XH,difficulty,3
debugvOtw0:debugo76XH,switch_tabs,No
debugfXoRq:debugNETH0,instructionloops,1
debugfXoRq:debugNETH0,comments,I think they were similar videos for some and i reacted differently each time it confused me
debugfXoRq:debugNETH0,vid_quality,Yes
debugfXoRq:debugNETH0,engagement,7
debugfXoRq:debugNETH0,difficulty,7
debugfXoRq:debugNETH0,switch_tabs,No
debugtmqys:debugJ2BMd,instructionloops,1
debugtmqys:debugJ2BMd,comments,Not sure if it's the program's problem or my keyboard's. Sometimes pressing my enter key leads to pausing the video (which I didn't want to). Also I did not see any purple border even when I replayed the video after submitting my responses.
debugtmqys:debugJ2BMd,vid_quality,Yes
debugtmqys:debugJ2BMd,engagement,8
debugtmqys:debugJ2BMd,difficulty,7
debugtmqys:debugJ2BMd,switch_tabs,No
debugfb2Ca:debugzC3ly,instructionloops,1
debugfb2Ca:debugzC3ly,comments,
debugfb2Ca:debugzC3ly,vid_quality,Yes
debugfb2Ca:debugzC3ly,engagement,2
debugfb2Ca:debugzC3ly,difficulty,2
debugfb2Ca:debugzC3ly,switch_tabs,No
debugYlh1Z:debugBamIv,instructionloops,2
debugYlh1Z:debugBamIv,comments,
debugYlh1Z:debugBamIv,vid_quality,Yes
debugYlh1Z:debugBamIv,engagement,2
debugYlh1Z:debugBamIv,difficulty,5
debugYlh1Z:debugBamIv,switch_tabs,No
debug0GYHKU:debug1LQBJQ,instructionloops,1
debug10QeM:debug6bJXg,instructionloops,1
debug10QeM:debug6bJXg,comments,
debug10QeM:debug6bJXg,vid_quality,Yes
debug10QeM:debug6bJXg,engagement,3
debug10QeM:debug6bJXg,difficulty,5
debug10QeM:debug6bJXg,switch_tabs,No
debugpJp6d:debugZl7iH,instructionloops,1
debugpJp6d:debugZl7iH,comments,
debugpJp6d:debugZl7iH,vid_quality,Yes
debugpJp6d:debugZl7iH,engagement,6
debugpJp6d:debugZl7iH,difficulty,5
debugpJp6d:debugZl7iH,switch_tabs,No
debugJghcq:debugYXJ1l,instructionloops,1
debugrSIsO:debugPYV8j,instructionloops,1
debugrSIsO:debugPYV8j,comments,
debugrSIsO:debugPYV8j,vid_quality,Yes
debugrSIsO:debugPYV8j,engagement,3
debugrSIsO:debugPYV8j,difficulty,2
debugrSIsO:debugPYV8j,switch_tabs,No
debugGnycL:debugc2rx4,instructionloops,1
debugGnycL:debugc2rx4,comments,I'm not sure that I totally understood the task. I hope I helped nonetheless.
debugGnycL:debugc2rx4,vid_quality,Yes
debugGnycL:debugc2rx4,engagement,4
debugGnycL:debugc2rx4,difficulty,2
debugGnycL:debugc2rx4,switch_tabs,No
debugj7cX9:debugXIqpR,instructionloops,2
debugj7cX9:debugXIqpR,comments,"I think, as its a computer study, it could have been easier to have click-able buttons for the event, pause, fast forward etc."
debugj7cX9:debugXIqpR,vid_quality,Yes
debugj7cX9:debugXIqpR,engagement,3
debugj7cX9:debugXIqpR,difficulty,3
debugj7cX9:debugXIqpR,switch_tabs,No
debugW48Sw:debugOUciC,instructionloops,1
debugW48Sw:debugOUciC,comments,I wasn't sure which 'events' were events. I'm not sure I counted some things as events so hopefully I still did what you needed me to.
debugW48Sw:debugOUciC,vid_quality,Yes
debugW48Sw:debugOUciC,engagement,9
debugW48Sw:debugOUciC,difficulty,3
debugW48Sw:debugOUciC,switch_tabs,No
debugK8406:debugOcZa4,instructionloops,1
debugxw3kj:debug2nkmD,instructionloops,1
debug9VD1r:debugcHLTu,instructionloops,1
debug9VD1r:debugcHLTu,comments,I wasn't sure what was defined as an 'event change'. 
debug9VD1r:debugcHLTu,vid_quality,Yes
debug9VD1r:debugcHLTu,engagement,5
debug9VD1r:debugcHLTu,difficulty,5
debug9VD1r:debugcHLTu,switch_tabs,Yes
debugsL9MB:debug4etb1,instructionloops,1
debugsL9MB:debug4etb1,comments,
debugsL9MB:debug4etb1,vid_quality,Yes
debugsL9MB:debug4etb1,engagement,8
debugsL9MB:debug4etb1,difficulty,3
debugsL9MB:debug4etb1,switch_tabs,No
debuggKVNp:debugQKzSU,instructionloops,1
debugdTz36:debug9hcmP,instructionloops,1
debugdTz36:debug9hcmP,comments,
debugdTz36:debug9hcmP,vid_quality,Yes
debugdTz36:debug9hcmP,engagement,9
debugdTz36:debug9hcmP,difficulty,7
debugdTz36:debug9hcmP,switch_tabs,No
debugJvxql:debugwkFCE,instructionloops,1
debugw8gaB:debugvoTK4,instructionloops,1
debugE1x9d:debugfSlEX,instructionloops,1
debugE1x9d:debugfSlEX,comments,
debugE1x9d:debugfSlEX,vid_quality,Yes
debugE1x9d:debugfSlEX,engagement,7
debugE1x9d:debugfSlEX,difficulty,7
debugE1x9d:debugfSlEX,switch_tabs,No
debugEdiZA:debug4F0AX,instructionloops,1
debugEdiZA:debug4F0AX,comments,No
debugEdiZA:debug4F0AX,vid_quality,Yes
debugEdiZA:debug4F0AX,engagement,5
debugEdiZA:debug4F0AX,difficulty,0
debugEdiZA:debug4F0AX,switch_tabs,No
debugyBku2:debugVzuBX,instructionloops,1
debugyBku2:debugVzuBX,comments,I wasn't sure if the course of the video was right for some of them as I had moments where the ball took a while to appear on the screen etc. I judged the event changes as best as I could for these videos.
debugyBku2:debugVzuBX,vid_quality,Yes
debugyBku2:debugVzuBX,engagement,7
debugyBku2:debugVzuBX,difficulty,5
debugyBku2:debugVzuBX,switch_tabs,No
debugaeIPH:debugxOb6G,instructionloops,2
debugaeIPH:debugxOb6G,comments,
debugaeIPH:debugxOb6G,vid_quality,No
debugaeIPH:debugxOb6G,engagement,3
debugaeIPH:debugxOb6G,difficulty,3
debugaeIPH:debugxOb6G,switch_tabs,No
debugO1ImN:debugJpvsB,instructionloops,2
debugO1ImN:debugJpvsB,comments,
debugO1ImN:debugJpvsB,vid_quality,Yes
debugO1ImN:debugJpvsB,engagement,4
debugO1ImN:debugJpvsB,difficulty,2
debugO1ImN:debugJpvsB,switch_tabs,No
debugNRsHO:debug6YTwn,instructionloops,1
debugNRsHO:debug6YTwn,comments,no
debugNRsHO:debug6YTwn,vid_quality,Yes
debugNRsHO:debug6YTwn,engagement,4
debugNRsHO:debug6YTwn,difficulty,4
debugNRsHO:debug6YTwn,switch_tabs,No
debugv37rW:debugSkhuE,instructionloops,1
debugv37rW:debugSkhuE,comments,
debugv37rW:debugSkhuE,vid_quality,Yes
debugv37rW:debugSkhuE,engagement,6
debugv37rW:debugSkhuE,difficulty,3
debugv37rW:debugSkhuE,switch_tabs,No
debug3RxZ3:debugzDLgd,instructionloops,1
debug3RxZ3:debugzDLgd,comments,Interested to know the outcome of the study.
debug3RxZ3:debugzDLgd,vid_quality,Yes
debug3RxZ3:debugzDLgd,engagement,10
debug3RxZ3:debugzDLgd,difficulty,7
debug3RxZ3:debugzDLgd,switch_tabs,No
debugIaCvo:debugFQv8B,instructionloops,4
debugIaCvo:debugFQv8B,comments,
debugIaCvo:debugFQv8B,vid_quality,Yes
debugIaCvo:debugFQv8B,engagement,3
debugIaCvo:debugFQv8B,difficulty,2
debugIaCvo:debugFQv8B,switch_tabs,No
debug80t3H:debug7FwDp,instructionloops,1
debug80t3H:debug7FwDp,comments,
debug80t3H:debug7FwDp,vid_quality,Yes
debug80t3H:debug7FwDp,engagement,2
debug80t3H:debug7FwDp,difficulty,3
debug80t3H:debug7FwDp,switch_tabs,Yes
debuglkSHr:debug0GBmI,instructionloops,2
debug11htE:debugt8RoX,instructionloops,1
debug11htE:debugt8RoX,comments,"The space bar and frame navigation failed sometimes during some of the tests. ( I am using brave browser). So I did the best I could to capture the event changes. Hope my data helps your research, regardless. :)"
debug11htE:debugt8RoX,vid_quality,No
debug11htE:debugt8RoX,engagement,7
debug11htE:debugt8RoX,difficulty,3
debug11htE:debugt8RoX,switch_tabs,No
